Modele,F1-Score,Precision,Recall,ROC-AUC,Accuracy
4. LightGBM + ADASYN,0.06850211306208336,0.03875550220088035,0.29469040012171005,0.7219279579837173,0.9295180295714138
2. RF + SMOTE,0.04833639814118649,0.02569832402234637,0.40590293625437396,0.7181554229775362,0.8594387826778038
5. RF + UnderSampling,0.04654076558645802,0.024313249561938786,0.5425224402860186,0.7459080912384101,0.8045118415436754
1. RF Baseline,0.03585185185185185,0.6836158192090396,0.0184086414118363,0.7426133412284062,0.9912926087520788
3. XGBoost Weighted,0.034621520405200015,0.01775079279139918,0.6983112733911456,0.7516613618837233,0.6575204271812966
